<?xml version="1.0" encoding="UTF-8"?>
<project-private xmlns="http://www.netbeans.org/ns/project-private/1">
    <editor-bookmarks xmlns="http://www.netbeans.org/ns/editor-bookmarks/2" lastBookmarkId="0"/>
    <open-files xmlns="http://www.netbeans.org/ns/projectui-open-files/2">
        <group>
            <file>file:/C:/Users/Antonio/Documents/NetBeansProjects/Java/Projekt/AlgebraJava1Project/src/hr/algebra/dal/sql/PersonRepository.java</file>
            <file>file:/C:/Users/Antonio/Documents/NetBeansProjects/Java/Projekt/AlgebraJava1Project/src/hr/algebra/model/UserRegistable.java</file>
            <file>file:/C:/Users/Antonio/Documents/NetBeansProjects/Java/Projekt/AlgebraJava1Project/src/hr/algebra/model/Person.java</file>
            <file>file:/C:/Users/Antonio/Documents/NetBeansProjects/Java/Projekt/AlgebraJava1Project/src/hr/algebra/LocalMoviePanel.java</file>
            <file>file:/C:/Users/Antonio/Documents/NetBeansProjects/Java/Projekt/AlgebraJava1Project/src/hr/algebra/dal/sql/UserManager.java</file>
            <file>file:/C:/Users/Antonio/Documents/NetBeansProjects/Java/Projekt/AlgebraJava1Project/src/hr/algebra/model/UserRole.java</file>
            <file>file:/C:/Users/Antonio/Documents/NetBeansProjects/Java/Projekt/AlgebraJava1Project/src/hr/algebra/ApplicationForm.java</file>
            <file>file:/C:/Users/Antonio/Documents/NetBeansProjects/Java/Projekt/AlgebraJava1Project/src/hr/algebra/model/Genre.java</file>
            <file>file:/C:/Users/Antonio/Documents/NetBeansProjects/Java/Projekt/AlgebraJava1Project/src/hr/algebra/dal/sql/MovieRepository.java</file>
            <file>file:/C:/Users/Antonio/Documents/NetBeansProjects/Java/Projekt/AlgebraJava1Project/src/hr/algebra/model/User.java</file>
            <file>file:/C:/Users/Antonio/Documents/NetBeansProjects/Java/Projekt/AlgebraJava1Project/src/hr/algebra/PersonPanel.java</file>
            <file>file:/C:/Users/Antonio/Documents/NetBeansProjects/Java/Projekt/AlgebraJava1Project/src/hr/algebra/model/MovieArchive.java</file>
            <file>file:/C:/Users/Antonio/Documents/NetBeansProjects/Java/Projekt/AlgebraJava1Project/src/assets/no_image.jpeg</file>
            <file>file:/C:/Users/Antonio/Documents/NetBeansProjects/Java/Projekt/AlgebraJava1Project/src/hr/algebra/MoviePanel.java</file>
            <file>file:/C:/Users/Antonio/Documents/NetBeansProjects/Java/Projekt/AlgebraJava1Project/src/hr/algebra/AdminPanel.java</file>
            <file>file:/C:/Users/Antonio/Documents/NetBeansProjects/Java/Projekt/AlgebraJava1Project/src/hr/algebra/dal/RepositoryFactory.java</file>
            <file>file:/C:/Users/Antonio/Documents/NetBeansProjects/Java/Projekt/AlgebraJava1Project/src/hr/algebra/LoginDialog.java</file>
            <file>file:/C:/Users/Antonio/Documents/NetBeansProjects/Java/Projekt/AlgebraJava1Project/src/hr/algebra/RegisterDialog.java</file>
            <file>file:/C:/Users/Antonio/Documents/NetBeansProjects/Java/Projekt/AlgebraJava1Project/src/hr/algebra/model/Movie.java</file>
        </group>
    </open-files>
</project-private>
